{"cameraMode":{"drawMode":0,"name":"Shaded","section":"Shading Mode"},"sceneLighting":true,"audioPlay":false,"sceneViewState":{"showFog":true,"showMaterialUpdate":true,"showSkybox":false,"showFlares":true,"showImageEffects":true,"showParticleSystems":true,"showVisualEffectGraphs":true,"m_FxEnabled":true},"in2DMode":false,"pivot":{"x":0.10546068847179413,"y":0.4747634828090668,"z":0.0003421306610107422},"rotation":{"x":0.42474764585494997,"y":0.4978688359260559,"z":-0.3058035671710968,"w":0.6915282607078552},"size":0.8660253882408142,"orthographic":false}